ItemId,ReceiptId,ProductCategory,C02Impact,Price,QrCode
1,78,McCawley,48.26,79.21,75
2,39,Bortoli,54.71,56.01,47
3,76,Iwanowicz,77.45,52.93,78
4,9,Wastling,90.69,86.71,54
5,100,Crauford,95.39,73.84,89
6,20,Garie,73.39,71.16,46
7,54,McCoy,63.79,55.4,25
8,47,Asty,78.18,62.33,61
9,49,Koopman,9.6,48.92,39
10,51,Di Matteo,41.59,5.14,84
11,57,Puddin,30.75,89.43,23
12,52,Tinniswood,56.48,91.45,26
13,63,Ainsley,63.38,71.46,81
14,70,Bahls,40.18,22.13,58
15,7,Juanico,85.03,6.96,44
16,62,De Pero,11.49,57.16,76
17,16,Levensky,66.6,6.43,13
18,4,McGeraghty,18.63,47.77,25
19,23,Carryer,17.96,64.79,84
20,95,Comini,92.53,67.08,79
21,56,McOrkill,17.45,39.93,87
22,6,Demare,15.54,94.68,96
23,55,Gisbourn,37.57,9.94,32
24,50,McGivena,2.4,28.77,42
25,11,Pavey,3.22,61.86,98
26,35,Mollon,70.54,1.1,5
27,39,Passmore,7.37,59.98,20
28,75,Sandercock,4.01,25.5,28
29,26,Stallwood,33.95,71.98,99
30,75,Enriques,60.81,58.35,45
31,67,Cobon,55.33,43.85,5
32,7,Alasdair,55.43,54.95,64
33,6,Snooks,24.01,44.33,8
34,53,Linstead,75.84,25.79,38
35,15,Mateescu,25.24,39.77,88
36,54,Stonard,73.64,49.53,19
37,18,Cherm,62.74,65.68,8
38,10,Schimonek,34.81,36.23,76
39,65,Huccaby,30.82,81.79,32
40,9,Augie,65.26,23.6,11
41,48,Crookall,3.41,48.07,6
42,29,Jennison,21.53,9.6,92
43,63,Dykes,45.83,16.75,70
44,85,Snellman,94.46,49.43,73
45,1,Asplin,40.39,92.83,39
46,2,Leyton,84.44,25.58,45
47,53,Tollit,40.75,50.23,10
48,34,Cuttle,41.33,95.19,98
49,76,Tomasicchio,27.89,70.02,46
50,49,Gason,37.93,93.19,89
51,52,Revens,32.81,53.25,76
52,29,Drewery,85.17,55.01,10
53,44,Parkinson,24.13,52.52,70
54,13,Keech,68.63,50.45,52
55,91,MacPhail,64.79,28.69,90
56,23,Spleving,57.21,53.88,61
57,5,Valerius,16.96,90.17,4
58,68,Gerkens,16.46,30.68,67
59,57,Loble,88.78,72.0,88
60,68,Probin,7.34,80.7,47
61,34,Handford,42.13,67.76,37
62,47,Langton,46.32,97.19,3
63,22,Canniffe,72.14,46.8,52
64,14,Ewbanche,94.78,46.88,25
65,94,Torrent,84.56,93.78,29
66,6,Dudin,91.56,88.07,89
67,64,Alliston,48.05,7.53,71
68,44,Dressel,17.73,27.48,26
69,18,Rachuig,54.02,59.87,28
70,10,Tricker,30.5,41.34,43
71,84,Ferrieri,20.49,98.63,7
72,91,Jaggli,17.5,12.22,9
73,43,Cottrill,52.87,33.57,39
74,94,Peniello,59.82,7.89,9
75,17,Brainsby,18.45,27.74,54
76,48,Halden,92.86,28.21,26
77,19,Bewsy,79.28,88.87,77
78,13,Rosengren,53.08,64.16,63
79,22,Pamphilon,20.84,92.73,88
80,23,Pawlicki,39.92,53.41,97
81,51,Gosz,35.08,33.87,85
82,24,Willis,10.36,24.17,52
83,16,Strippling,41.71,5.32,11
84,80,Thorsen,89.59,48.49,72
85,52,Cathcart,84.03,8.53,10
86,94,Wailes,68.27,58.5,41
87,93,Margerrison,62.37,23.08,39
88,28,Milberry,34.67,33.47,77
89,44,Dongate,92.64,26.66,86
90,68,McKibbin,31.47,13.53,51
91,89,Fyfield,91.92,76.48,22
92,3,Stronge,62.94,45.59,63
93,14,Rump,5.67,14.35,12
94,54,Braffington,90.75,70.75,11
95,38,Netting,14.13,30.31,16
96,32,Graundisson,10.3,97.16,14
97,29,Andriuzzi,71.87,57.9,81
98,51,Dmitriev,70.85,80.89,45
99,19,Simonsson,66.5,4.08,80
100,10,Smidmor,58.72,88.04,81
101,4,Wanek,15.74,68.27,15
102,49,Gutman,44.76,92.2,63
103,5,MacCaig,75.65,29.9,21
104,94,Littledyke,60.29,38.86,42
105,48,Londors,26.85,42.77,52
106,87,Bourrel,71.38,62.32,57
107,46,Lambrook,45.27,35.17,29
108,54,Axon,11.58,42.2,41
109,12,McCreadie,37.85,58.9,32
110,10,Maddick,36.51,75.14,74
111,90,Kruse,50.38,2.59,41
112,19,Allnatt,61.28,9.65,1
113,6,Stickney,31.35,32.1,18
114,57,Kellard,24.68,98.68,15
115,74,Dorcey,17.0,22.38,30
116,8,Venneur,2.04,93.18,59
117,16,Carncross,65.99,86.39,16
118,3,Gaishson,31.02,82.92,35
119,86,Blenkensop,22.34,26.18,92
120,4,Garfitt,92.37,71.71,1
121,48,Creber,54.82,16.58,18
122,52,Matthaus,26.05,29.88,5
123,1,Dewick,40.97,37.69,30
124,48,Thacker,25.31,23.11,68
125,23,Faudrie,50.8,32.58,34
126,58,Moodie,87.42,28.61,28
127,34,Runnett,36.61,4.93,86
128,33,Yatman,94.72,73.33,91
129,52,Gethen,95.48,19.1,40
130,90,Noblett,17.36,51.0,93
131,33,Hulbert,25.22,16.08,57
132,78,Wardlow,63.86,99.88,40
133,41,Holhouse,80.31,83.54,84
134,70,Coldrick,61.16,61.31,11
135,12,Piscopello,24.4,73.27,59
136,98,Harral,46.85,6.35,96
137,37,Rieflin,49.69,10.48,77
138,49,Aleixo,14.27,24.84,80
139,46,Hindsberg,79.59,11.11,24
140,53,Lessmare,61.71,7.15,84
141,75,Garrique,7.04,52.64,16
142,79,Havesides,24.17,20.02,7
143,37,Blamire,55.41,77.28,6
144,88,Bagger,4.75,36.39,83
145,93,Poure,70.22,64.4,15
146,72,Culy,67.98,23.28,12
147,100,Jarville,97.57,19.18,77
148,94,Pantin,48.83,92.88,55
149,9,Amber,18.97,55.71,75
150,92,Ewenson,24.31,32.36,51
151,62,Lidbetter,82.81,40.72,18
152,27,Higounet,46.18,19.09,6
153,34,Biffen,19.77,55.47,75
154,44,Cohani,34.51,65.97,57
155,55,Galtone,86.25,40.03,84
156,58,Conn,78.48,24.24,100
157,66,Reese,37.09,55.36,54
158,31,Faires,16.45,47.19,51
159,41,Henbury,27.2,41.53,25
160,39,Windrum,35.33,60.38,54
161,51,Showalter,51.26,71.53,43
162,75,Sellwood,36.41,85.43,72
163,27,Hatto,9.68,87.77,41
164,27,Chastagnier,31.19,49.77,44
165,5,Romans,9.27,85.03,40
166,24,Traite,82.35,2.03,69
167,33,Rabson,30.64,11.21,2
168,58,Bonnier,12.38,39.97,61
169,40,Derkes,11.34,75.92,29
170,55,Rosengren,55.44,71.85,90
171,15,Oddie,42.52,84.23,33
172,49,Chown,75.03,16.1,72
173,96,Brotherton,48.13,46.98,78
174,30,Innett,41.47,33.04,96
175,100,Compson,80.7,33.39,44
176,5,Klezmski,96.49,10.2,12
177,57,Mattson,3.33,21.01,19
178,44,Quinion,56.02,68.4,13
179,59,Benitti,48.12,32.06,70
180,99,Macbeth,17.92,54.56,66
181,34,Drohan,17.85,29.68,39
182,78,Vibert,54.63,3.06,49
183,1,Murdoch,59.28,48.97,19
184,28,Skellen,35.21,26.54,84
185,89,McCarrick,75.22,24.43,44
186,51,Dressell,43.26,15.41,99
187,67,Colaton,78.74,25.29,45
188,6,Cason,96.05,9.62,8
189,1,Outright,64.32,87.67,45
190,35,Gosse,69.46,34.92,37
191,28,MacFarlan,78.17,72.95,76
192,52,Warham,36.74,8.67,63
193,29,Demangeot,34.57,20.29,8
194,54,Blackmore,92.64,57.92,84
195,67,Aronin,45.51,19.4,90
196,85,Llewellen,72.54,85.23,87
197,1,MacAless,4.09,92.58,11
198,58,Revens,60.3,96.11,20
199,12,Stanton,94.32,40.37,11
200,34,Yakovlev,96.66,3.36,47
201,99,Rieme,62.8,72.19,55
202,21,Danieli,8.58,83.94,5
203,90,Hanscome,91.73,70.13,45
204,14,Woodberry,44.25,29.54,36
205,4,Stocken,30.27,11.13,80
206,52,Thaxton,91.87,60.69,39
207,66,Summerlie,89.08,60.65,41
208,2,Mecozzi,12.66,66.07,92
209,71,Northen,49.95,68.9,36
210,34,Pettipher,44.48,84.21,82
211,75,Kubek,85.09,76.84,46
212,32,Langworthy,35.42,77.13,62
213,26,Gude,50.02,44.42,98
214,4,Gowar,2.33,65.26,32
215,5,Hryniewicz,88.44,20.22,16
216,50,Polkinghorne,17.24,19.43,6
217,17,De Laci,6.89,81.69,52
218,3,Stennard,60.64,73.64,53
219,54,Canellas,47.3,28.84,3
220,40,Dubique,46.85,59.85,68
221,57,Rosentholer,48.1,75.84,20
222,75,Carus,88.71,52.73,15
223,49,Beament,59.33,34.2,46
224,76,Cheake,96.47,61.63,60
225,20,Dowson,71.88,56.28,96
226,13,Blackstone,92.09,70.12,23
227,45,Irdale,86.69,42.59,37
228,51,Codner,5.62,88.04,46
229,27,Mc-Kerley,94.68,43.16,18
230,95,Pinckney,50.35,35.19,35
231,45,Ellicombe,15.95,60.68,65
232,13,Lenthall,56.4,43.65,71
233,56,Gavozzi,25.89,12.08,83
234,89,Arias,93.21,33.03,85
235,51,Venner,25.86,94.2,24
236,73,Tiffany,22.87,1.64,22
237,50,Winchester,94.67,62.44,51
238,37,Wemm,26.73,2.21,43
239,93,Svanetti,78.94,93.51,44
240,35,Slayton,42.96,72.05,30
241,18,Zanetello,95.43,77.64,77
242,59,Ungerer,83.65,9.99,49
243,93,Dameisele,76.38,73.42,27
244,80,Treweela,8.53,2.69,60
245,99,Tolland,51.09,99.88,29
246,25,Readshall,64.46,45.42,63
247,59,Tudgay,33.55,37.33,47
248,43,Petrasek,65.89,48.26,43
249,59,Burnip,1.51,17.43,6
250,22,Briscam,34.18,95.37,29
251,43,Bertolaccini,50.06,63.41,85
252,26,Woosnam,90.65,76.54,51
253,60,Sherwell,1.88,56.2,50
254,62,Reyes,80.86,68.76,52
255,35,Surgey,97.41,7.94,19
256,29,Gerrets,12.84,94.9,64
257,39,Yurchenko,94.27,40.39,45
258,63,Webberley,91.88,90.35,38
259,19,Unthank,23.44,87.69,1
260,49,Darlow,69.53,65.89,77
261,41,Hartmann,80.17,20.71,51
262,86,Cecely,36.62,4.04,54
263,45,Gorrissen,93.07,20.06,38
264,100,Schnitter,78.59,39.49,63
265,63,Pellissier,99.25,18.7,46
266,82,Dongall,33.52,81.4,99
267,62,Featherstone,58.86,61.05,5
268,81,Del Castello,95.14,47.89,47
269,62,Curds,49.26,32.9,92
270,76,Braghini,28.19,11.63,94
271,86,Ankers,51.61,70.29,68
272,28,MacEveley,16.88,69.51,17
273,88,Chatwood,90.95,46.45,74
274,31,Charrisson,91.23,69.75,30
275,77,Fisher,59.97,38.65,56
276,50,Gartenfeld,66.16,10.35,100
277,90,Agerskow,91.19,35.57,33
278,45,Shires,44.59,69.59,31
279,31,O' Shea,87.45,86.52,19
280,69,Westman,18.94,5.22,31
281,27,Cowherd,16.62,82.03,55
282,59,Lighten,91.06,63.03,1
283,7,Sherington,37.2,71.18,74
284,90,Carnduff,85.34,4.52,35
285,7,Prime,57.63,20.25,69
286,98,Peterffy,90.56,14.76,43
287,75,Fredi,46.71,65.35,19
288,85,Deppen,24.51,67.66,45
289,74,Frowing,13.63,78.98,6
290,57,Ormshaw,29.05,29.63,29
291,26,McFaell,18.12,58.65,91
292,6,Ilden,15.99,12.98,33
293,16,Just,17.52,8.53,16
294,66,Fryers,65.09,87.09,54
295,7,Deignan,35.11,33.77,64
296,67,Eskriet,75.48,93.7,23
297,90,Middlemiss,62.68,42.44,47
298,12,Dronsfield,33.35,96.3,43
299,97,Derisley,69.75,81.48,71
300,16,Surgey,16.06,47.13,19
301,7,Yoskowitz,51.0,28.71,51
302,71,Sheldrake,27.18,59.91,46
303,93,Krzysztofiak,70.05,96.1,3
304,77,Baxstar,37.9,29.92,39
305,77,Lambis,34.81,99.59,4
306,58,Slimme,40.43,24.69,20
307,36,Dwight,36.1,43.92,92
308,39,Sleightholme,53.15,44.51,48
309,68,Feavyour,50.22,23.99,5
310,93,Lace,63.4,59.78,33
311,67,Denyakin,70.75,39.38,7
312,36,Soppitt,56.89,71.79,100
313,8,Tiuit,38.37,2.08,9
314,48,Conley,67.98,47.21,33
315,94,Maleby,93.92,6.52,39
316,82,Albasini,71.76,95.18,9
317,21,Ascrofte,24.43,65.8,49
318,49,Johnson,97.65,85.05,55
319,29,Hubball,81.98,89.15,68
320,68,Lotwich,6.93,14.86,44
321,96,Frantsev,53.86,99.24,1
322,23,Marrable,68.01,82.74,82
323,94,Citrine,72.03,10.06,20
324,1,Cobbled,89.76,31.91,21
325,85,Siddell,23.2,35.75,91
326,84,Schober,26.87,41.73,57
327,33,Clymer,96.58,71.79,47
328,81,Sillito,89.32,44.52,35
329,38,Barkworth,96.93,12.76,39
330,52,Ruskin,11.04,71.25,94
331,32,Arsey,85.46,92.82,88
332,56,Hardaker,44.66,73.6,16
333,97,Sculley,79.51,73.85,46
334,41,Beszant,35.52,31.37,74
335,62,Claxson,82.76,39.8,19
336,79,Rickford,74.59,26.7,14
337,39,Tock,84.91,78.52,8
338,41,Calafate,51.85,85.66,92
339,54,Pryn,4.49,60.97,88
340,15,Bruckental,59.03,61.26,80
341,49,Van Der Walt,16.76,34.68,98
342,49,Mindenhall,86.52,95.87,81
343,69,Dancey,86.24,47.32,19
344,82,Dyka,97.64,55.4,52
345,35,Balk,69.41,44.04,93
346,80,Vasile,54.53,54.01,76
347,33,Beardsdale,70.93,29.06,7
348,23,Fonzone,94.12,24.99,36
349,91,Wadworth,17.44,37.28,73
350,5,Ironside,44.09,38.2,99
351,58,Downe,78.24,58.41,27
352,60,Hulkes,87.69,54.69,30
353,21,Trelease,20.11,82.48,61
354,37,Gorges,13.88,62.36,9
355,82,Mulcaster,58.98,52.82,77
356,71,Walne,65.24,2.98,56
357,67,Dykas,41.42,5.45,20
358,68,MacClure,10.85,33.7,45
359,41,Caunce,46.75,36.38,62
360,65,Maseyk,33.01,11.01,25
361,56,McCardle,59.24,79.88,79
362,70,Medway,30.39,44.52,62
363,80,Grestye,6.63,54.92,27
364,29,Maxwaile,96.5,7.06,51
365,91,Borgesio,81.34,89.31,79
366,26,Gavagan,54.2,38.01,71
367,11,Chamberlayne,88.21,72.29,64
368,58,Kelner,7.02,12.41,13
369,33,Lambard,87.83,15.21,23
370,93,Tampling,91.28,58.59,15
371,48,Blatherwick,94.99,18.78,56
372,89,Tovey,97.79,13.3,96
373,20,McAllen,50.21,34.52,82
374,60,Presslee,49.9,14.88,89
375,100,Lambillion,8.63,70.24,31
376,10,Polglase,92.53,79.43,30
377,48,Lochhead,28.55,61.37,63
378,69,Pleaden,67.71,34.49,41
379,6,Stockwell,56.5,37.21,56
380,46,Beere,9.61,69.36,69
381,79,McGlaud,36.77,92.15,15
382,62,Pimley,31.47,94.52,64
383,9,Christie,1.73,15.68,70
384,25,Ballantine,94.59,99.01,88
385,21,Trusdale,7.36,17.52,79
386,24,Nealey,48.12,48.07,49
387,54,Crace,67.46,24.37,15
388,62,Carlan,22.56,96.91,10
389,44,O'Mohun,52.26,31.55,48
390,62,Geggie,7.61,7.19,87
391,62,Grime,27.35,9.73,83
392,5,Bollon,40.62,90.02,11
393,69,Latham,60.6,60.59,52
394,21,Kruger,82.71,21.81,61
395,10,Finlay,17.05,38.78,17
396,19,Screaton,75.36,54.72,28
397,47,Filipchikov,80.33,78.05,47
398,9,Clutterham,35.33,93.39,13
399,65,Ledgister,30.17,29.52,98
400,83,Anthes,11.33,1.0,3
401,88,Crudgington,15.21,91.34,23
402,46,Ferry,18.3,73.04,3
403,93,Devaney,29.77,14.8,49
404,63,Coade,50.68,38.43,76
405,49,Paulmann,30.46,36.57,93
406,31,Westnedge,45.9,69.99,85
407,90,Presshaugh,9.32,84.76,28
408,38,Caslake,37.66,3.74,76
409,44,MacCleod,40.9,39.6,67
410,64,Seedull,40.9,44.05,52
411,1,Balogh,93.74,89.14,3
412,10,Agdahl,84.96,68.65,9
413,58,Edscer,49.84,5.64,44
414,78,Kunkel,12.89,92.82,29
415,80,Sives,73.52,29.83,32
416,14,Bednall,44.59,75.53,47
417,4,Gabrieli,85.63,75.13,98
418,95,Yurinov,53.57,42.39,85
419,9,Whyler,38.38,81.26,37
420,57,O'Henery,51.91,69.64,98
421,81,Coffin,64.46,5.17,86
422,100,Insley,18.16,67.71,87
423,85,Richardson,3.23,55.75,97
424,43,Wallentin,62.35,55.39,38
425,77,Ceely,6.16,32.11,16
426,88,Zamorano,17.48,40.84,10
427,41,Thoday,26.89,4.5,83
428,90,Bignold,98.03,78.29,61
429,18,Ridley,8.51,20.78,86
430,87,Worg,36.24,28.08,46
431,25,Matthiesen,23.32,64.16,63
432,65,Heaysman,96.32,49.27,75
433,19,Sodor,23.04,32.56,82
434,79,Mallall,16.55,60.39,7
435,81,Brick,95.91,29.27,58
436,21,Farryann,3.56,6.25,51
437,84,Duckit,37.4,69.72,63
438,3,Bloxsom,33.29,50.26,77
439,26,Burchill,41.76,6.81,78
440,6,Lawtie,83.42,12.36,50
441,49,Heinl,32.17,22.46,66
442,30,Keyse,36.88,38.55,5
443,55,Fontel,38.95,20.03,21
444,42,Novik,35.31,47.55,61
445,83,Vannet,10.49,81.52,63
446,53,Lammenga,19.62,80.91,17
447,54,Fendlow,28.62,2.15,7
448,94,Oldacre,32.0,96.02,61
449,87,Tyt,39.32,51.72,71
450,60,Barwell,63.44,45.0,62
451,13,Kenion,2.86,36.32,6
452,23,Pentelo,8.22,8.44,76
453,9,Richarz,61.79,65.21,51
454,25,Kauffman,49.51,16.56,51
455,71,Pollitt,11.56,14.1,20
456,48,McCoveney,45.11,69.95,63
457,88,Betancourt,48.52,35.59,94
458,47,Wenger,84.84,36.29,45
459,84,Satford,53.37,26.78,86
460,86,Barsam,22.27,84.11,90
461,10,Harberer,21.38,25.99,22
462,39,Gulk,75.96,82.75,92
463,86,Blasik,34.82,19.29,64
464,29,Hayller,85.62,93.26,83
465,54,Janaud,51.63,60.79,53
466,99,Scotcher,48.12,40.43,73
467,27,Seefus,99.33,69.21,49
468,23,Hardi,86.58,52.2,66
469,20,Gorcke,7.01,97.83,5
470,78,Crigin,37.58,98.68,31
471,11,Hamner,74.51,87.1,51
472,3,Beaulieu,81.89,70.74,26
473,48,Mathwen,26.92,37.24,85
474,53,Ector,89.14,41.88,95
475,47,Archer,25.1,99.16,41
476,75,Groucutt,1.15,92.55,15
477,1,Gorden,40.69,75.94,1
478,74,Savil,10.45,52.62,75
479,86,Gallager,23.56,19.34,2
480,69,Knivett,6.03,71.19,67
481,5,Burd,94.76,56.08,34
482,57,Ivanishchev,80.26,56.92,71
483,49,Waggett,40.04,25.42,48
484,18,Bayston,85.94,78.98,70
485,27,Brumble,52.13,75.34,66
486,26,Hugnet,78.28,85.66,4
487,61,Welham,49.57,74.25,47
488,2,Stitch,39.42,76.61,30
489,56,Hamblington,15.42,77.39,69
490,94,Ellingford,94.76,8.05,93
491,71,Naul,23.49,65.45,83
492,48,Connar,80.77,54.95,12
493,24,Cribbin,70.02,10.55,89
494,64,Siret,98.45,98.06,95
495,28,Kidds,78.24,27.97,38
496,93,Jefford,68.12,5.8,87
497,28,Targe,22.15,66.54,13
498,45,Brooksbank,75.47,61.52,49
499,100,Treat,82.07,28.42,52
500,15,Bunt,14.02,33.56,14
501,57,Doodney,45.58,19.39,12
502,11,Rosengarten,12.34,8.6,67
503,7,Rushman,19.87,37.73,71
504,54,Lally,13.87,96.33,40
505,52,Bouchard,14.49,76.51,87
506,3,Renehan,29.69,48.73,50
507,46,Fauning,15.98,16.88,77
508,91,Olden,61.46,38.91,91
509,50,Brahm,4.57,72.91,99
510,55,Stoving,17.88,54.97,51
511,48,Withull,74.21,21.4,77
512,31,Forryan,65.59,21.3,60
513,85,Borrett,79.52,90.39,5
514,13,Gorrissen,35.78,29.99,74
515,70,Flobert,13.05,14.98,58
516,24,Vickerman,88.65,29.81,79
517,58,Elion,45.13,48.11,56
518,11,Van Dijk,44.8,45.52,13
519,34,Jeckells,83.05,38.24,20
520,75,Sheehan,78.95,1.1,56
521,5,Hiseman,70.1,77.01,95
522,30,Lowfill,16.68,67.67,27
523,15,Ratazzi,6.12,12.76,63
524,49,Aylett,22.71,62.16,77
525,53,Abbe,67.8,36.89,29
526,59,Laugherane,11.01,78.93,90
527,29,Hendrich,81.02,17.64,65
528,72,Martino,65.68,29.27,58
529,79,Marval,88.07,8.24,79
530,75,Badrock,1.31,73.16,76
531,73,Milburn,60.69,98.73,43
532,74,Spendlove,85.57,99.66,23
533,81,Lorking,28.14,16.14,57
534,21,Baulcombe,3.09,7.58,76
535,24,Hooban,69.82,78.76,47
536,69,McGannon,3.45,23.57,19
537,12,Taudevin,10.9,33.16,44
538,56,Dunstall,51.1,61.75,20
539,93,Theurer,11.02,34.27,83
540,56,Dossett,15.61,98.17,7
541,20,Launchbury,45.3,28.62,33
542,1,Warre,40.54,75.78,74
543,98,Peasnone,72.03,16.23,60
544,94,Sisland,82.12,31.75,17
545,1,Langan,39.33,69.93,48
546,19,Gamlin,96.48,70.25,43
547,42,Towns,36.5,87.25,46
548,40,Berdale,62.24,24.35,34
549,99,Gerhardt,5.17,95.21,79
550,83,McGooch,27.03,73.23,11
551,94,Denman,92.49,15.93,51
552,43,Osmond,85.83,53.16,18
553,16,La Rosa,56.05,35.73,16
554,22,Sergison,59.8,41.58,30
555,36,Godsal,23.49,25.68,51
556,22,Ishak,29.16,9.58,52
557,90,Wheildon,46.96,40.01,100
558,76,Roulston,35.19,76.3,29
559,1,Walesby,87.88,30.23,50
560,78,Murcutt,42.09,3.61,42
561,52,Clare,1.79,72.2,40
562,40,Tumioto,86.56,18.19,30
563,62,Comberbach,60.65,76.95,93
564,93,Diamond,26.81,76.43,98
565,17,Memmory,8.04,24.26,82
566,82,Withrop,96.07,88.39,25
567,64,Broady,38.06,83.59,51
568,91,Arlett,45.26,61.17,57
569,95,Broadberry,89.61,5.53,87
570,41,Blackman,11.82,83.69,81
571,5,Dorow,49.97,51.31,5
572,29,Billington,48.99,23.07,33
573,96,Grouse,82.06,26.0,35
574,45,Highnam,94.45,85.17,5
575,43,Tire,69.25,34.38,40
576,73,Benedidick,6.15,99.38,57
577,14,Christene,16.96,15.01,7
578,27,MacGee,65.88,17.31,28
579,82,Adne,16.32,24.88,37
580,51,Mussared,2.82,97.74,65
581,16,O'Scanlan,50.71,67.24,68
582,13,Rafe,96.62,51.91,90
583,12,Sally,57.6,81.38,36
584,83,Mountford,55.56,80.86,83
585,24,Eburah,90.53,17.17,12
586,91,Lunge,14.39,4.39,20
587,89,Villaret,4.03,24.55,90
588,18,Ruckman,43.68,50.53,84
589,83,Thatcher,70.79,72.94,48
590,36,Darling,25.41,87.65,55
591,59,Pittwood,49.45,69.15,97
592,4,Frenzl,32.91,80.99,73
593,9,Wedmore.,39.06,78.43,90
594,82,Cobello,48.17,76.03,49
595,40,Heggison,65.75,82.16,65
596,10,Pim,92.94,73.78,41
597,30,Jupp,10.05,79.5,48
598,17,Galego,23.85,27.06,21
599,81,Choat,90.86,95.21,54
600,49,Stanyan,31.69,22.74,27
601,59,Bootton,74.53,51.26,90
602,73,Slym,82.21,74.69,97
603,5,Southon,65.34,49.66,95
604,50,Wavell,71.12,21.89,55
605,10,Poor,60.44,5.25,89
606,6,Litton,1.5,25.38,85
607,91,Portis,97.33,48.0,74
608,41,Benneton,91.2,93.09,93
609,45,Hargrave,25.3,52.46,82
610,30,Pearmain,32.98,83.16,87
611,52,Kilfedder,70.32,10.53,84
612,67,McRobbie,88.09,87.09,43
613,45,Wickardt,4.27,52.74,40
614,19,Hayler,6.45,5.22,76
615,31,Bamlett,49.59,68.96,55
616,56,Penwarden,20.69,65.45,98
617,97,Henaughan,56.15,74.21,79
618,64,Belfelt,22.11,87.17,65
619,32,Nangle,6.07,16.89,4
620,2,Noel,91.59,4.44,55
621,37,Lidgley,8.95,50.57,16
622,9,Aiton,73.55,92.16,77
623,40,Syddie,17.95,82.73,11
624,63,Woolfall,33.36,12.26,26
625,32,Blaine,2.83,23.56,99
626,10,Thoms,78.36,70.06,31
627,25,Goacher,29.73,87.74,3
628,8,Batterham,22.31,31.74,8
629,96,Cayzer,36.36,72.72,1
630,20,Fransinelli,8.66,22.6,5
631,54,Cruden,95.66,62.21,9
632,71,Hamblin,53.05,12.36,10
633,1,Kornes,92.33,79.03,5
634,68,Quinlan,64.64,34.47,3
635,61,Gowdy,7.37,7.61,48
636,85,Lafford,15.17,26.51,85
637,31,Docwra,15.28,51.27,90
638,33,Coniff,69.36,96.37,30
639,7,Mish,39.27,56.99,1
640,12,Cockayme,20.09,45.68,38
641,99,Simanenko,86.89,27.82,36
642,24,Sapseed,39.56,78.16,91
643,76,Vann,57.22,43.99,77
644,2,Breache,27.2,81.86,31
645,79,Blum,89.25,36.8,81
646,85,Kippie,35.9,19.7,16
647,23,Melhuish,68.67,8.64,39
648,19,Issakov,65.15,47.25,1
649,81,Berrygun,67.7,23.39,45
650,12,Thrower,4.07,65.8,45
651,33,McCarl,88.27,51.94,11
652,22,Devericks,71.73,16.9,93
653,15,Phippen,63.91,38.3,59
654,76,Coda,8.08,70.8,52
655,41,Tatlow,85.76,95.02,51
656,11,Fust,26.51,64.33,12
657,96,Inchcomb,83.7,64.75,31
658,20,Marcombe,28.39,39.42,37
659,2,Ilyunin,17.79,83.3,85
660,52,Sebert,85.72,66.81,5
661,87,Haylor,94.87,7.18,21
662,17,Greep,20.15,47.03,51
663,38,Acland,14.9,88.71,87
664,85,Hesbrook,10.39,50.03,84
665,45,Brendeke,21.34,78.15,30
666,45,Stevings,40.94,9.53,69
667,18,Padbury,85.06,48.95,94
668,67,Romao,19.92,74.96,76
669,52,Hulle,69.95,96.57,82
670,19,Dignon,14.23,66.29,1
671,80,Jacob,89.68,80.95,83
672,61,Jordeson,13.25,94.05,84
673,60,Cloutt,68.57,5.13,12
674,73,Billing,9.2,96.56,80
675,52,Dincke,43.93,82.68,35
676,80,Lavelle,7.02,79.66,28
677,74,Sorton,74.63,87.88,52
678,19,Lotte,5.7,97.36,85
679,94,Ekkel,12.63,20.12,62
680,59,Rockwell,45.63,57.76,90
681,87,McGoon,87.42,20.85,11
682,69,Ainscough,93.0,56.58,63
683,42,Buzza,57.2,6.92,60
684,54,Pendrey,62.36,94.33,86
685,3,Muskett,19.73,98.21,8
686,38,Lombardo,64.01,87.18,90
687,12,Kienl,80.43,40.43,82
688,28,Shilleto,3.16,17.64,70
689,91,Snel,26.32,26.24,86
690,17,Widdowes,79.83,40.04,41
691,69,L'argent,71.37,76.37,13
692,99,Stennet,90.86,84.02,64
693,46,Grise,9.3,1.65,86
694,28,Emer,73.27,60.55,8
695,27,Fromont,89.79,4.21,8
696,79,Winton,49.88,30.17,66
697,5,Loren,88.41,22.98,39
698,43,Rickets,65.68,20.3,46
699,66,Byneth,29.9,21.53,98
700,56,Beckworth,31.6,22.31,10
701,80,Folomin,8.7,15.21,92
702,13,Tussaine,94.7,93.45,78
703,59,Tull,74.48,51.62,79
704,6,Presswell,15.08,23.54,48
705,2,Razzell,26.84,39.34,9
706,54,Adamkiewicz,37.59,75.55,96
707,30,Tinwell,52.37,86.86,92
708,87,Espadater,92.99,3.29,3
709,24,Hickisson,58.07,42.27,90
710,90,Flippen,66.44,9.8,80
711,5,Oliphant,68.79,12.19,100
712,90,Traut,24.13,70.14,72
713,40,Bresnahan,24.7,18.33,11
714,31,Cobon,17.79,13.43,30
715,90,Mulryan,37.12,35.56,31
716,84,Hawksworth,36.21,43.23,67
717,81,Yantsurev,98.33,94.19,7
718,62,Okroy,4.17,30.1,6
719,28,Tommasetti,5.16,88.98,76
720,92,Tongue,88.33,62.79,33
721,32,Thys,94.21,73.61,20
722,62,Radleigh,11.25,9.81,5
723,4,Collett,89.23,56.47,9
724,3,Plane,92.4,70.78,44
725,54,Yarrall,56.61,62.04,20
726,9,Reschke,25.64,50.76,46
727,92,Ollivier,24.76,90.81,72
728,45,Handy,9.28,26.18,67
729,84,Lockhurst,95.94,72.6,99
730,50,Joris,2.84,78.06,9
731,24,Franey,32.62,44.69,70
732,42,Giraldon,19.47,63.19,27
733,87,Quinlan,17.58,24.33,31
734,22,Tredgold,79.26,17.05,43
735,24,Franzolini,68.53,83.41,100
736,68,Girton,29.7,16.73,20
737,21,Eshelby,98.71,22.79,40
738,86,Barti,34.34,87.25,86
739,92,Borrett,28.96,93.39,83
740,75,Duiguid,44.45,23.5,23
741,53,Justice,97.82,43.18,34
742,54,Danforth,4.29,31.44,63
743,79,Giamelli,48.46,11.71,69
744,18,de Amaya,78.38,48.04,61
745,34,Duckworth,2.7,69.83,66
746,1,Yates,37.72,23.73,93
747,61,Fassan,4.9,64.33,35
748,26,Kaemena,46.47,26.07,70
749,15,Moss,86.23,26.63,97
750,37,McGlynn,39.56,62.6,34
751,41,Wrefford,58.23,99.28,13
752,88,Walduck,5.06,81.34,28
753,79,Vuittet,24.14,7.02,38
754,37,Simon,4.2,97.37,40
755,40,Stammirs,52.57,97.75,78
756,4,Shillabear,86.06,41.01,85
757,16,Juris,37.32,85.38,19
758,51,Garbott,9.69,89.34,17
759,54,Vankeev,72.25,4.15,31
760,35,Hindes,83.01,22.82,46
761,68,Harriday,54.06,16.24,59
762,78,Ducket,87.39,72.58,18
763,97,Gravenor,42.17,70.32,64
764,4,Berndsen,21.63,63.42,90
765,95,Zealander,45.71,55.47,70
766,96,Wyld,96.97,28.64,44
767,89,Warrier,31.9,28.21,7
768,3,Bedenham,88.8,70.42,11
769,22,Reeder,54.75,17.26,66
770,54,Shill,24.94,55.49,37
771,46,Druce,12.86,75.75,7
772,92,Mattiessen,60.41,94.68,17
773,60,Kubasiewicz,11.18,23.2,86
774,10,Saterweyte,14.42,49.52,34
775,99,Dunbabin,35.55,78.18,85
776,24,Sumpter,89.42,68.9,71
777,62,Spacy,63.86,3.94,25
778,44,Brownhall,99.37,54.85,37
779,3,Clere,42.18,59.84,27
780,46,Venus,55.04,88.18,27
781,38,Lancastle,4.72,21.82,3
782,98,Doogood,33.53,2.74,80
783,31,Grinston,86.82,27.2,5
784,56,Truce,36.54,30.54,65
785,31,Gillani,28.74,34.97,91
786,76,Rawlin,76.42,7.83,19
787,94,Mugridge,76.64,31.74,6
788,96,Dray,86.72,72.41,95
789,1,Kayley,39.25,86.12,85
790,90,Breeds,27.72,83.95,56
791,26,McGoogan,94.45,83.62,63
792,29,Hazeldean,17.65,19.09,75
793,7,Coult,85.22,23.09,93
794,83,Scourge,54.26,39.61,48
795,45,Kirkpatrick,56.41,34.47,97
796,46,Eburne,52.29,42.01,79
797,58,Lissandrini,44.66,16.08,60
798,34,Stubbes,34.87,96.88,64
799,20,Devigne,65.75,11.98,36
800,42,Heister,81.69,68.34,40
801,84,Nuttall,8.38,52.68,82
802,4,Prosh,35.8,38.87,14
803,41,Heibl,59.73,74.64,33
804,61,Hawick,9.95,3.57,80
805,95,Kubin,45.61,10.13,90
806,66,Coulthurst,73.13,67.52,22
807,89,Coxhead,23.21,5.69,67
808,34,Maddigan,51.66,66.04,51
809,51,Screen,62.14,48.41,56
810,86,Dietmar,91.83,39.93,17
811,76,Okill,12.66,66.51,82
812,81,McKinley,45.95,57.88,36
813,7,Speller,58.94,64.21,39
814,14,Croxon,4.59,30.3,71
815,33,Ewin,81.86,31.84,26
816,54,Firmager,22.48,16.45,78
817,34,Mundee,2.72,69.58,100
818,29,Dobbinson,73.66,88.64,78
819,28,Stormonth,52.79,28.36,11
820,86,McCaskill,77.99,83.22,61
821,80,Dodshon,79.02,61.99,55
822,83,MacGillivray,48.77,5.4,50
823,74,Cornier,99.17,72.45,68
824,70,Domney,54.38,15.29,66
825,87,Godspede,93.26,44.63,75
826,25,Baglan,4.3,83.76,26
827,8,Touret,83.92,33.52,41
828,41,Le Lievre,39.68,36.33,67
829,1,Tofanini,36.86,1.22,48
830,78,Jaggli,89.99,30.0,17
831,78,Euplate,79.63,62.92,59
832,77,Jancy,33.87,1.17,23
833,31,Scartifield,6.97,70.96,94
834,27,Brum,85.15,45.43,31
835,42,Rodwell,48.53,92.3,57
836,82,Cape,10.68,72.05,56
837,92,Callum,93.83,37.2,95
838,87,Denziloe,65.94,91.0,74
839,66,Veryan,70.34,11.39,68
840,87,Aggott,17.95,39.59,86
841,26,Kneesha,30.73,14.63,72
842,74,Trustrie,24.12,99.73,73
843,83,Gronous,43.1,7.11,8
844,68,Duhig,4.95,26.18,46
845,5,Tother,80.97,97.12,7
846,83,Smails,68.99,55.68,95
847,24,Daw,1.14,37.14,79
848,22,Taffe,46.11,37.06,13
849,82,Tuckley,91.42,67.65,12
850,47,Gemmill,16.48,98.49,61
851,36,Sebley,9.12,15.65,74
852,58,Esp,84.96,10.81,23
853,32,Britney,54.36,43.36,79
854,32,Bony,99.69,38.41,56
855,81,Greggs,43.38,76.05,75
856,46,Polglase,12.34,71.16,46
857,6,Straker,69.07,11.93,56
858,85,Pickrill,16.37,93.14,92
859,35,McKague,59.5,8.65,6
860,2,Scneider,5.02,74.16,8
861,80,D'Hooge,33.09,38.42,100
862,16,Maccrae,79.84,47.47,22
863,37,Guarin,60.6,10.27,2
864,36,Meddemmen,6.17,52.2,40
865,65,Corsor,74.49,14.71,41
866,15,Rizzetti,88.45,76.19,77
867,41,Symon,12.56,80.21,9
868,12,Heinsen,91.21,25.96,65
869,70,Stilling,49.17,36.61,61
870,86,Bengochea,83.6,89.87,67
871,28,Trayton,96.6,80.41,47
872,99,Penticost,99.4,95.43,82
873,100,Tabourel,97.95,52.46,34
874,74,Klaffs,46.88,44.39,24
875,6,Drysdale,53.57,85.79,47
876,85,Dedon,72.36,5.62,65
877,44,Hort,26.68,18.11,71
878,14,Hambridge,93.37,30.84,92
879,80,Robjents,56.71,30.88,40
880,22,Feetham,47.42,18.77,6
881,34,Holton,22.37,44.92,22
882,29,Loxly,43.95,56.13,99
883,5,Viscovi,67.2,67.92,99
884,90,Jozef,33.84,13.37,34
885,43,Drogan,36.73,31.02,58
886,35,Harriday,33.13,34.39,85
887,46,Setter,25.76,68.06,18
888,79,Marsy,4.16,25.9,29
889,56,De Cristoforo,14.43,74.76,6
890,6,Jickells,44.92,5.13,68
891,16,Dunnett,29.98,36.57,1
892,50,Baudains,2.34,6.57,56
893,59,Gecke,46.85,99.63,41
894,92,Doore,66.25,88.42,84
895,67,Leitch,36.86,79.7,42
896,14,Churly,94.78,90.76,40
897,66,Batkin,50.46,74.16,34
898,8,Cochern,63.01,63.77,75
899,71,Scarisbrick,3.86,53.99,4
900,39,Bordiss,31.62,99.99,56
901,5,Spinnace,50.05,60.05,83
902,14,Easun,74.0,96.39,62
903,26,Witherup,4.68,32.99,96
904,78,Nezey,98.89,72.23,50
905,56,Brundill,85.67,78.47,23
906,83,Bouskill,75.35,48.0,51
907,41,Olivazzi,4.96,1.71,51
908,79,Wethered,41.63,58.3,72
909,12,Manuelli,9.93,24.84,94
910,70,Burger,11.81,4.47,16
911,17,Stacey,7.47,20.49,83
912,73,Lorand,85.29,65.42,69
913,98,Novkovic,26.26,83.78,7
914,5,Mallan,15.1,88.27,93
915,21,McCauley,38.14,71.31,44
916,88,Willbond,45.44,51.79,32
917,39,Barns,39.47,38.24,78
918,17,Coventry,18.06,15.53,4
919,92,Goodisson,29.56,53.99,88
920,83,Holburn,47.2,15.64,65
921,33,Dowley,88.6,49.54,44
922,30,Pringer,14.27,92.33,99
923,44,Tomkinson,28.21,16.82,5
924,66,Dionsetto,21.72,1.86,86
925,89,Roggeman,74.02,42.44,9
926,5,Audenis,39.36,7.42,18
927,73,Battelle,90.28,83.39,50
928,72,Mortell,97.17,56.94,69
929,39,Jellman,13.93,4.48,61
930,29,Snare,68.37,45.93,41
931,89,Boulding,33.29,48.72,67
932,18,Bernardelli,1.42,12.43,61
933,33,Roxby,47.04,35.85,68
934,28,Abelovitz,92.91,74.46,35
935,64,Nesfield,4.88,78.3,15
936,100,Pepperrall,47.81,72.4,39
937,52,Danet,2.39,59.71,34
938,56,Davidove,58.13,45.11,61
939,41,Lambird,81.55,76.93,78
940,87,Kinney,91.35,42.48,11
941,79,Hurrell,70.56,53.26,15
942,66,Ennor,89.1,38.8,62
943,45,Clavey,68.89,41.76,78
944,64,Gorvin,2.65,32.98,2
945,80,Cridlon,87.21,52.98,100
946,79,Merriment,60.29,16.94,87
947,18,Robertacci,73.92,7.44,6
948,13,Files,31.14,21.61,89
949,19,Muffitt,55.72,70.37,53
950,90,Faires,95.03,84.47,28
951,3,Richardin,7.47,96.95,74
952,74,Stranahan,79.54,27.78,83
953,64,Hurtic,31.21,9.52,84
954,59,Dobell,94.77,35.41,93
955,61,Dysert,46.01,91.74,19
956,45,Stockney,91.23,56.72,60
957,8,Lawey,81.24,61.62,91
958,1,Kay,96.91,89.38,90
959,31,Simonetto,81.03,48.47,51
960,19,Krier,35.27,14.78,42
961,17,Clappison,58.66,71.48,90
962,86,Gile,60.93,7.24,12
963,57,Arminger,16.31,12.95,10
964,59,Bushe,45.4,47.32,3
965,57,Buckthorpe,79.04,79.89,62
966,31,Bultitude,87.15,11.13,37
967,63,Digweed,3.92,84.99,90
968,85,Pischof,65.24,93.71,91
969,51,Rooke,36.62,39.57,8
970,90,Older,80.32,55.05,5
971,91,Brownhill,47.84,93.09,41
972,43,Avarne,78.17,13.58,95
973,10,Yarham,20.96,1.59,83
974,87,Yoskowitz,16.39,95.69,100
975,97,Castard,53.04,86.77,19
976,43,Ivanyukov,54.42,38.61,33
977,1,Rigby,91.06,91.75,47
978,94,Tuckie,50.46,30.08,58
979,94,Owbridge,85.21,10.12,48
980,67,Harm,48.65,93.75,92
981,89,Trahear,11.79,96.18,70
982,52,Welberry,48.64,80.42,18
983,17,Sapwell,34.69,74.75,92
984,24,Cathesyed,15.17,51.77,37
985,76,Carverhill,75.08,13.54,71
986,11,Staten,19.44,48.22,58
987,55,Blanket,59.35,9.91,41
988,38,Rickard,64.84,28.12,9
989,28,Bellerby,50.92,78.17,2
990,73,Daybell,12.31,42.37,74
991,9,Hele,93.58,51.74,84
992,72,Beden,47.99,17.8,19
993,45,Rennles,5.96,15.99,67
994,49,Yockney,66.91,50.27,58
995,52,Strangward,32.01,97.0,47
996,99,Hurle,12.53,10.02,18
997,98,Vincent,42.65,17.93,11
998,3,Woolrich,56.11,25.91,94
999,38,Hagart,5.04,28.26,40
1000,38,Blacklawe,16.76,50.08,61
